{
  "results": [
    {
      "command": "cargo run -r -- matrix -o matrix.mrmr datasets/connect-4.data",
      "mean": 6.660094049240001,
      "stddev": 0.06147638874496188,
      "median": 6.65455171554,
      "user": 1.9571462199999998,
      "system": 4.68598758,
      "min": 6.58517774354,
      "max": 6.77078765554,
      "times": [
        6.62714307454,
        6.61726670254,
        6.654750515540001,
        6.58517774354,
        6.6543529155400005,
        6.664541355540001,
        6.66093665154,
        6.76076729654,
        6.605216581540001,
        6.77078765554
      ],
      "exit_codes": [
        0,
        0,
        0,
        0,
        0,
        0,
        0,
        0,
        0,
        0
      ]
    },
    {
      "command": "cargo run -r -- merge -o merged.mrmr matrix.mrmr matrix.mrmr",
      "mean": 0.06363231149,
      "stddev": 0.009901498902391564,
      "median": 0.06019777254,
      "user": 0.04594451999999999,
      "system": 0.017291229999999987,
      "min": 0.05220110854,
      "max": 0.08573837454000001,
      "times": [
        0.06854003054,
        0.06197529654,
        0.06015568754,
        0.062402436539999995,
        0.05600629954,
        0.06038802554,
        0.05808126354,
        0.05528286954,
        0.08503051354,
        0.05853702354,
        0.05650134954,
        0.08099986154,
        0.06812612354,
        0.05646301754,
        0.08085971254,
        0.06354103054,
        0.05667665654,
        0.05642582054,
        0.057860462540000004,
        0.060738313540000005,
        0.08360811854,
        0.05690048754,
        0.059867371540000006,
        0.057665751540000004,
        0.08039056454,
        0.058305091540000006,
        0.05702862954,
        0.06023985754,
        0.055764080540000004,
        0.06048323854,
        0.061819463539999994,
        0.07997589354,
        0.05220110854,
        0.06629126254,
        0.05318260554,
        0.05646798754,
        0.055988281540000004,
        0.07818897154,
        0.08573837454000001,
        0.06059352454
      ],
      "exit_codes": [
        0,
        0,
        0,
        0,
        0,
        0,
        0,
        0,
        0,
        0,
        0,
        0,
        0,
        0,
        0,
        0,
        0,
        0,
        0,
        0,
        0,
        0,
        0,
        0,
        0,
        0,
        0,
        0,
        0,
        0,
        0,
        0,
        0,
        0,
        0,
        0,
        0,
        0,
        0,
        0
      ]
    }
  ]
}
