{
  "results": [
    {
      "command": "cargo run -r -- matrix -o matrix.mrmr datasets/test_lung_s3.csv",
      "mean": 0.18272977522615388,
      "stddev": 0.0168311679342168,
      "median": 0.17623170838,
      "user": 0.14903893692307693,
      "system": 0.030878301538461536,
      "min": 0.16534939138000002,
      "max": 0.22410334238000001,
      "times": [
        0.22410334238000001,
        0.17623170838,
        0.20370579538,
        0.16897207238,
        0.19290761738,
        0.17403269238,
        0.17066482038,
        0.18399736838,
        0.17279910638,
        0.17100377938,
        0.19398399238,
        0.16534939138000002,
        0.17773539138
      ],
      "exit_codes": [
        0,
        0,
        0,
        0,
        0,
        0,
        0,
        0,
        0,
        0,
        0,
        0,
        0
      ]
    },
    {
      "command": "cargo run -r -- mrmr matrix.mrmr -c class",
      "mean": 0.1808290348505882,
      "stddev": 0.016075234953837083,
      "median": 0.18609871338,
      "user": 0.15918121294117643,
      "system": 0.021173428235294115,
      "min": 0.15664046938,
      "max": 0.21925067938,
      "times": [
        0.16696503838,
        0.19047683538000001,
        0.15664046938,
        0.17490064438,
        0.19085329238,
        0.18609871338,
        0.18801594338,
        0.17128763938,
        0.16003183938,
        0.21925067938,
        0.18775827638,
        0.16977901138,
        0.19360409338,
        0.15684112438,
        0.18478896738,
        0.19067225938000001,
        0.18612876538
      ],
      "exit_codes": [
        0,
        0,
        0,
        0,
        0,
        0,
        0,
        0,
        0,
        0,
        0,
        0,
        0,
        0,
        0,
        0,
        0
      ]
    },
    {
      "command": "cargo run -r -- matrix -o matrix.mrmr datasets/test_colon_s3.csv",
      "mean": 3.97580552238,
      "stddev": 0.11718119977727245,
      "median": 3.94406147338,
      "user": 3.5592800600000003,
      "system": 0.31762154,
      "min": 3.9044267833800004,
      "max": 4.30464182038,
      "times": [
        3.92451528638,
        3.9389288663800004,
        3.9632266403800003,
        3.9044267833800004,
        3.94467939538,
        3.9164620423800005,
        3.9520044113800004,
        3.9657264263800003,
        3.94344355138,
        4.30464182038
      ],
      "exit_codes": [
        0,
        0,
        0,
        0,
        0,
        0,
        0,
        0,
        0,
        0
      ]
    },
    {
      "command": "cargo run -r -- mrmr matrix.mrmr -c class",
      "mean": 4.47869680388,
      "stddev": 0.04154566416686344,
      "median": 4.47258517238,
      "user": 4.370705259999999,
      "system": 0.10292504,
      "min": 4.42577669538,
      "max": 4.54808914138,
      "times": [
        4.5383755703799995,
        4.49434729538,
        4.49954494938,
        4.467029087379999,
        4.54808914138,
        4.42577669538,
        4.45336432638,
        4.44746184338,
        4.47814125738,
        4.43483787238
      ],
      "exit_codes": [
        0,
        0,
        0,
        0,
        0,
        0,
        0,
        0,
        0,
        0
      ]
    },
    {
      "command": "cargo run -r -- matrix -o matrix.mrmr datasets/test_lymphoma_s3.csv",
      "mean": 19.999889651980002,
      "stddev": 0.13647340916401138,
      "median": 19.965551779880002,
      "user": 18.609518959999996,
      "system": 1.22124094,
      "min": 19.76881034938,
      "max": 20.25964323838,
      "times": [
        19.92868260438,
        20.07661357438,
        19.76881034938,
        20.08306971638,
        20.10975770338,
        19.89024131738,
        19.96138017038,
        19.95097445638,
        20.25964323838,
        19.96972338938
      ],
      "exit_codes": [
        0,
        0,
        0,
        0,
        0,
        0,
        0,
        0,
        0,
        0
      ]
    },
    {
      "command": "cargo run -r -- mrmr matrix.mrmr -c class",
      "mean": 23.16502695648,
      "stddev": 0.6397263833801855,
      "median": 22.96047448988,
      "user": 22.78694606,
      "system": 0.34709823999999995,
      "min": 22.80147342738,
      "max": 24.93016323438,
      "times": [
        22.80147342738,
        22.94148314238,
        22.97946583738,
        22.90717415038,
        22.80286047138,
        23.31624993038,
        23.12167489938,
        24.93016323438,
        23.00612720138,
        22.84359727038
      ],
      "exit_codes": [
        0,
        0,
        0,
        0,
        0,
        0,
        0,
        0,
        0,
        0
      ]
    },
    {
      "command": "cargo run -r -- matrix -o matrix.mrmr datasets/letter-recognition.data",
      "mean": 0.40509348808000006,
      "stddev": 0.013262545442459967,
      "median": 0.40373629938,
      "user": 0.36955235999999997,
      "system": 0.034434139999999995,
      "min": 0.38092273438,
      "max": 0.43454429438000003,
      "times": [
        0.43454429438000003,
        0.40239830638000007,
        0.40873209038,
        0.40069336938000005,
        0.41087196238000007,
        0.40260025838,
        0.40712283438,
        0.39817669038000003,
        0.40487234038000003,
        0.38092273438
      ],
      "exit_codes": [
        0,
        0,
        0,
        0,
        0,
        0,
        0,
        0,
        0,
        0
      ]
    },
    {
      "command": "cargo run -r -- mrmr matrix.mrmr -c class",
      "mean": 0.06790406567166668,
      "stddev": 0.011194549318061358,
      "median": 0.062158258380000005,
      "user": 0.05134708916666667,
      "system": 0.01625869416666666,
      "min": 0.05764398238,
      "max": 0.09170640838,
      "times": [
        0.05797102438,
        0.09170640838,
        0.061974595380000004,
        0.05926115338000001,
        0.061124030380000006,
        0.06090839038,
        0.06398493038000001,
        0.06118801138,
        0.061123137380000005,
        0.061894642379999996,
        0.06323122938,
        0.06193863638,
        0.06369977938000002,
        0.08782550038000002,
        0.08924431438000001,
        0.08753481838000002,
        0.05869641038,
        0.08660553338000002,
        0.062341921380000005,
        0.08346988138000001,
        0.06158415238,
        0.07569287738000001,
        0.06305243038000001,
        0.09077172338000002,
        0.05808145338,
        0.07071614938000001,
        0.06697091938000001,
        0.06194840438000001,
        0.06313538738,
        0.05764398238,
        0.05799462838,
        0.06447654338000001,
        0.08599996438000002,
        0.06080412238,
        0.08023148338000001,
        0.060856842380000005,
        0.08849342838000002,
        0.06425765838000001,
        0.058054632380000006,
        0.08769110538000001,
        0.06609527638000001,
        0.06507490038000001,
        0.059973195380000004,
        0.061025081380000006,
        0.060814251379999996,
        0.06111214638,
        0.06033427938,
        0.060783784380000004
      ],
      "exit_codes": [
        0,
        0,
        0,
        0,
        0,
        0,
        0,
        0,
        0,
        0,
        0,
        0,
        0,
        0,
        0,
        0,
        0,
        0,
        0,
        0,
        0,
        0,
        0,
        0,
        0,
        0,
        0,
        0,
        0,
        0,
        0,
        0,
        0,
        0,
        0,
        0,
        0,
        0,
        0,
        0,
        0,
        0,
        0,
        0,
        0,
        0,
        0,
        0
      ]
    },
    {
      "command": "cargo run -r -- matrix -o matrix.mrmr datasets/connect-4.data",
      "mean": 1.6225933805800001,
      "stddev": 0.016803561589817537,
      "median": 1.62062735038,
      "user": 1.56251136,
      "system": 0.055996439999999995,
      "min": 1.59979701438,
      "max": 1.64604255538,