{
  "results": [
    {
      "command": "cargo run -r -- matrix -o matrix.mrmr datasets/test_colon_s3.csv",
      "mean": 4.141475270180001,
      "stddev": 0.16165557950133036,
      "median": 4.10344533398,
      "user": 3.6829237,
      "system": 0.3188755,
      "min": 3.9798641689800003,
      "max": 4.46968441798,
      "times": [
        4.06046039598,
        3.99534279698,
        4.10180771298,
        4.3792262089800005,
        4.10508295498,
        4.12986173398,
        4.02646414698,
        4.46968441798,
        3.9798641689800003,
        4.16695816398
      ],
      "exit_codes": [
        0,
        0,
        0,
        0,
        0,
        0,
        0,
        0,
        0,
        0
      ]
    },
    {
      "command": "cargo run -r -- mrmr matrix.mrmr -c class -n 64",
      "mean": 0.9445077596800001,
      "stddev": 0.02176196511158634,
      "median": 0.93659998648,
      "user": 0.8325615000000001,
      "system": 0.10850230000000001,
      "min": 0.91441204098,
      "max": 0.98485014398,
      "times": [
        0.96386888598,
        0.91441204098,
        0.98485014398,
        0.92927673398,
        0.93957482498,
        0.93362514798,
        0.93179829598,
        0.94742354498,
        0.96944067998,
        0.9308072979800001
      ],
      "exit_codes": [
        0,
        0,
        0,
        0,
        0,
        0,
        0,
        0,
        0,
        0
      ]
    },
    {
      "command": "cargo run -r -- matrix -o matrix.mrmr datasets/test_colon_s3.csv",
      "mean": 4.26310559008,
      "stddev": 0.2026202245157283,
      "median": 4.21735090548,
      "user": 3.7571347999999993,
      "system": 0.3310029,
      "min": 4.0452481139800005,
      "max": 4.69798737098,
      "times": [
        4.23358550398,
        4.24759775698,
        4.16804514598,
        4.50310677298,
        4.32674560298,
        4.20111630698,
        4.0452481139800005,
        4.16090692598,
        4.69798737098,
        4.04671639998
      ],
      "exit_codes": [
        0,
        0,
        0,
        0,
        0,
        0,
        0,
        0,
        0,
        0
      ]
    },
    {
      "command": "cargo run -r -- mrmr matrix.mrmr -c class -n 128",
      "mean": 1.2665686371800002,
      "stddev": 0.04264954756298096,
      "median": 1.27404321248,
      "user": 1.1431066999999997,
      "system": 0.11812490000000002,
      "min": 1.20733408998,
      "max": 1.32959173098,
      "times": [
        1.27670159298,
        1.29721183698,
        1.3003483419800002,
        1.27138483198,
        1.23091741898,
        1.20733408998,
        1.22658139398,
        1.21929902598,
        1.32959173098,
        1.30631610798
      ],
      "exit_codes": [
        0,
        0,
        0,
        0,
        0,
        0,
        0,
        0,
        0,
        0
      ]
    },
    {
      "command": "cargo run -r -- matrix -o matrix.mrmr datasets/test_colon_s3.csv",
      "mean": 4.1872962749800005,
      "stddev": 0.06201803772241204,
      "median": 4.18065349748,
      "user": 3.8118977000000003,
      "system": 0.3204585999999999,
      "min": 4.08814353998,
      "max": 4.27719715098,
      "times": [
        4.18286405998,
        4.1784429349800005,
        4.08814353998,
        4.27719715098,
        4.15828416998,
        4.11484278898,
        4.27698412798,
        4.18963377498,
        4.17203766398,
        4.23453253798
      ],
      "exit_codes": [
        0,
        0,
        0,
        0,
        0,
        0,
        0,
        0,
        0,
        0
      ]
    },
    {
      "command": "cargo run -r -- mrmr matrix.mrmr -c class -n 256",
      "mean": 1.78347622818,
      "stddev": 0.07148257554342914,
      "median": 1.78281215098,
      "user": 1.6613274999999998,
      "system": 0.11536539999999999,
      "min": 1.70098395098,
      "max": 1.9165292519800001,
      "times": [
        1.70098395098,
        1.8705731729800001,
        1.74573516898,
        1.9165292519800001,
        1.78018967398,
        1.8233409949800001,
        1.7129013619800002,
        1.7072221839800001,
        1.78543462798,
        1.79185189398
      ],
      "exit_codes": [
        0,
        0,
        0,
        0,
        0,
        0,
        0,
        0,
        0,
        0
      ]
    },
    {
      "command": "cargo run -r -- matrix -o matrix.mrmr datasets/test_colon_s3.csv",
      "mean": 4.185858977379999,
      "stddev": 0.09715757906523464,
      "median": 4.167388191480001,
      "user": 3.788956399999999,
      "system": 0.3330105,
      "min": 4.03963356498,
      "max": 4.34867974198,
      "times": [
        4.3009062379800005,
        4.08889151698,
        4.2538166549800005,
        4.34867974198,
        4.13906683398,
        4.1188358559800005,
        4.15941278998,
        4.03963356498,
        4.23398298398,
        4.17536359298
      ],
      "exit_codes": [
        0,
        0,
        0,
        0,
        0,
        0,
        0,
        0,
        0,
        0
      ]
    },
    {
      "command": "cargo run -r -- mrmr matrix.mrmr -c class -n 512",
      "mean": 3.17975243238,
      "stddev": 0.4025320503393331,
      "median": 2.96796662848,
      "user": 3.0424406,
      "system": 0.1227864,
      "min": 2.83684873098,
      "max": 4.01501876598,
      "times": [
        2.83684873098,
        2.9027539089800003,
        3.49369956998,
        3.59843700298,
        4.01501876598,
        3.26650050598,
        2.91090216198,
        3.02159218598,
        2.91434107098,
        2.83743041998
      ],
      "exit_codes": [
        0,
        0,
        0,
        0,
        0,
        0,
        0,
        0,
        0,
        0
      ]
    },
    {
      "command": "cargo run -r -- matrix -o matrix.mrmr datasets/test_colon_s3.csv",
      "mean": 4.199084710479999,
      "stddev": 0.04505556926417715,
      "median": 4.207076965480001,
      "user": 3.7963527,
      "system": 0.34271039999999997,
      "min": 4.11602535298,
      "max": 4.26572728798,
      "times": [
        4.15505307698,
        4.17693011898,
        4.2184074349800005,
        4.22327154098,
        4.11602535298,
        4.19574649598,
        4.17020703898,
        4.22595321098,
        4.24352554598,
        4.26572728798
      ],
      "exit_codes": [
        0,
        0,
        0,
        0,
        0,
        0,
        0,
        0,
        0,
        0
      ]
    },
    {
      "command": "cargo run -r -- mrmr matrix.mrmr -c class -n 1024",
      "mean": 4.59011599918,
      "stddev": 0.19898992553412959,
      "median": 4.527052015480001,
      "user": 4.4508135,
      "system": 0.1155888,
      "min": 4.40199411598,
      "max": 4.97501837898,
      "times": [
        4.4964188079800005,
        4.56371513998,
        4.97501837898,
        4.87749209498,
        4.70021277098,
        4.40199411598,
        4.48407523098,
        4.41976968098,
        4.42477854798,
        4.55768522298
      ],
      "exit_codes": [
        0,
        0,
        0,
        0,
        0,
        0,
        0,
        0,
        0,
        0
      ]
    },
    {
      "command": "cargo run -r -- matrix -o matrix.mrmr datasets/test_colon_s3.csv",
      "mean": 4.20721168758,
      "stddev": 0.04225663648835778,
      "median": 4.202449955980001,
      "user": 3.8104639999999996,
      "system": 0.33872789999999997,
      "min": 4.15458785898,
      "max": 4.27365339898,
      "times": [
        4.27365339898,
        4.27068595898,
        4.22463194298,
        4.17125061998,
        4.17618381298,
        4.22521363098,
        4.15458785898,
        4.22003498698,
        4.17100973998,
        4.18486492498
      ],
      "exit_codes": [
        0,
        0,
        0,
        0,
        0,
        0,
        0,
        0,
        0,
        0
      ]
    },
    {
      "command": "cargo run -r -- mrmr matrix.mrmr -c class",
      "mean": 5.734750469180001,