{
  "results": [
    {
      "command": "cargo run -r -- matrix -o matrix.mrmr datasets/test_colon_s3.csv",
      "mean": 4.06534416504,
      "stddev": 0.16222855444071257,
      "median": 4.0142192560400005,
      "user": 3.61099744,
      "system": 0.3276523,
      "min": 3.93841869254,
      "max": 4.45720176254,
      "times": [
        3.98079800354,
        4.01784287154,
        3.98404249254,
        3.94811178554,
        4.01059564054,
        4.0257484865399995,
        3.93841869254,
        4.04514497154,
        4.45720176254,
        4.245536943539999
      ],
      "exit_codes": [
        0,
        0,
        0,
        0,
        0,
        0,
        0,
        0,
        0,
        0
      ]
    },
    {
      "command": "cargo run -r -- mrmr matrix.mrmr -c class -n 64",
      "mean": 0.9033004410400001,
      "stddev": 0.019132359015236054,
      "median": 0.9070859985400002,
      "user": 0.7947464399999998,
      "system": 0.10640789999999997,
      "min": 0.8731900675400001,
      "max": 0.9334225035400001,
      "times": [
        0.8821392535400001,
        0.9226489765400001,
        0.9041387785400001,
        0.9124193635400001,
        0.9100332185400001,
        0.9334225035400001,
        0.8818355465400001,
        0.9114225665400001,
        0.9017541355400001,
        0.8731900675400001
      ],
      "exit_codes": [
        0,
        0,
        0,
        0,
        0,
        0,
        0,
        0,
        0,
        0
      ]
    },
    {
      "command": "cargo run -r -- matrix -o matrix.mrmr datasets/test_colon_s3.csv",
      "mean": 3.989951021539999,
      "stddev": 0.04091450510142021,
      "median": 3.99864320204,
      "user": 3.6175934399999994,
      "system": 0.3226569,
      "min": 3.91843950354,
      "max": 4.05327727954,
      "times": [
        3.91843950354,
        3.9412015555399997,
        3.95568855254,
        4.05327727954,
        4.0016763075399995,
        4.01337556954,
        4.01161184654,
        3.98442267554,
        4.02420682854,
        3.99561009654
      ],
      "exit_codes": [
        0,
        0,
        0,
        0,
        0,
        0,
        0,
        0,
        0,
        0
      ]
    },
    {
      "command": "cargo run -r -- mrmr matrix.mrmr -c class -n 128",
      "mean": 1.13675598174,
      "stddev": 0.018434681375330914,
      "median": 1.13125671854,
      "user": 1.03629584,
      "system": 0.0967685,
      "min": 1.1104032295400001,
      "max": 1.16030054354,
      "times": [
        1.12767843854,
        1.12399489654,
        1.1348349985400001,
        1.15814506854,
        1.1560912785400002,
        1.11856417554,
        1.16030054354,
        1.12480298154,
        1.15274420654,
        1.1104032295400001
      ],
      "exit_codes": [
        0,
        0,
        0,
        0,
        0,
        0,
        0,
        0,
        0,
        0
      ]
    },
    {
      "command": "cargo run -r -- matrix -o matrix.mrmr datasets/test_colon_s3.csv",
      "mean": 4.011260930640001,
      "stddev": 0.04737598171734594,
      "median": 4.00402871904,
      "user": 3.6319042399999995,
      "system": 0.3199357,
      "min": 3.94668465954,
      "max": 4.065967125539999,
      "times": [
        3.95475972354,
        4.00696172154,
        4.00109571654,
        3.9973619975399997,
        3.96207922154,
        3.94668465954,
        4.06535239554,
        4.06486609254,
        4.065967125539999,
        4.04748065254
      ],
      "exit_codes": [
        0,
        0,
        0,
        0,
        0,
        0,
        0,
        0,
        0,
        0
      ]
    },
    {
      "command": "cargo run -r -- mrmr matrix.mrmr -c class -n 256",
      "mean": 1.62771647814,
      "stddev": 0.04320030301398462,
      "median": 1.6202222985399999,
      "user": 1.5242332399999998,
      "system": 0.10046119999999999,
      "min": 1.55697084954,
      "max": 1.6996154705400002,
      "times": [
        1.55697084954,
        1.6354465095400001,
        1.5843464145400001,
        1.6996154705400002,
        1.6580903585400002,
        1.61350940754,
        1.68188581554,
        1.62693518954,
        1.6120586525400002,
        1.60830611354
      ],
      "exit_codes": [
        0,
        0,
        0,
        0,
        0,
        0,
        0,
        0,
        0,
        0
      ]
    },
    {
      "command": "cargo run -r -- matrix -o matrix.mrmr datasets/test_colon_s3.csv",
      "mean": 4.0090842233399995,
      "stddev": 0.11058666758113639,
      "median": 3.98189720304,
      "user": 3.6100721399999998,
      "system": 0.3085742,
      "min": 3.92258052654,
      "max": 4.29866470554,
      "times": [
        4.02053852154,
        3.9610413425399997,
        4.00275306354,
        3.93053707054,
        3.9460807115399996,
        3.94036618154,
        4.02611836954,
        4.04216174054,
        3.92258052654,
        4.29866470554
      ],
      "exit_codes": [
        0,
        0,
        0,
        0,
        0,
        0,
        0,
        0,
        0,
        0
      ]
    },
    {
      "command": "cargo run -r -- mrmr matrix.mrmr -c class -n 512",
      "mean": 2.4273789133399992,
      "stddev": 0.06986741042300355,
      "median": 2.40962581204,
      "user": 2.3218967399999997,
      "system": 0.09806359999999999,
      "min": 2.36725875654,
      "max": 2.6102554585399997,
      "times": [
        2.38627335054,
        2.36725875654,
        2.46167410254,
        2.3902344055399998,
        2.4398509165399997,
        2.6102554585399997,
        2.41019124954,
        2.40906037454,
        2.38750030754,
        2.41149021154
      ],
      "exit_codes": [
        0,
        0,
        0,
        0,
        0,
        0,
        0,
        0,
        0,
        0
      ]
    },
    {
      "command": "cargo run -r -- matrix -o matrix.mrmr datasets/test_colon_s3.csv",
      "mean": 3.974793063839999,
      "stddev": 0.06068988407550946,
      "median": 3.97019773754,
      "user": 3.6108599399999997,
      "system": 0.30964909999999995,
      "min": 3.91099349854,
      "max": 4.12278358554,
      "times": [
        3.97341403654,
        3.91099349854,
        3.93831031554,
        4.01365248054,
        3.9820980205399996,
        3.9263071195399997,
        3.93205276054,
        3.96698143854,
        3.98133738254,
        4.12278358554
      ],
      "exit_codes": [
        0,
        0,
        0,
        0,
        0,
        0,
        0,
        0,
        0,
        0
      ]
    },
    {
      "command": "cargo run -r -- mrmr matrix.mrmr -c class -n 1024",
      "mean": 3.72510732724,
      "stddev": 0.1382950087112814,
      "median": 3.65365736554,
      "user": 3.61501234,
      "system": 0.0984099,
      "min": 3.59848823254,
      "max": 3.96804407954,
      "times": [
        3.71264553454,
        3.96804407954,
        3.59848823254,
        3.62729368354,
        3.86711295354,
        3.6580631385399998,
        3.6492515925399998,
        3.63565518254,
        3.91790175954,
        3.61661711554
      ],
      "exit_codes": [
        0,
        0,
        0,
        0,
        0,
        0,
        0,
        0,
        0,
        0
      ]
    },
    {
      "command": "cargo run -r -- matrix -o matrix.mrmr datasets/test_colon_s3.csv",
      "mean": 3.9801836689399996,
      "stddev": 0.04643559423474433,
      "median": 3.9610690775399995,
      "user": 3.5955842399999995,
      "system": 0.322702,
      "min": 3.93919829654,
      "max": 4.06917418854,
      "times": [
        4.06917418854,
        4.01173846054,
        3.9627794005399997,
        4.04753822854,
        3.97246764754,
        3.94991553254,
        3.95045960154,
        3.93919829654,
        3.9593587545399997,
        3.93920657854
      ],